-- phpMyAdmin SQL Dump
-- version 4.8.3
-- https://www.phpmyadmin.net/
--
-- Host: 127.0.0.1
-- Generation Time: Jan 11, 2019 at 11:38 PM
-- Server version: 10.1.35-MariaDB
-- PHP Version: 7.2.9

SET SQL_MODE = "NO_AUTO_VALUE_ON_ZERO";
SET AUTOCOMMIT = 0;
START TRANSACTION;
SET time_zone = "+00:00";


/*!40101 SET @OLD_CHARACTER_SET_CLIENT=@@CHARACTER_SET_CLIENT */;
/*!40101 SET @OLD_CHARACTER_SET_RESULTS=@@CHARACTER_SET_RESULTS */;
/*!40101 SET @OLD_COLLATION_CONNECTION=@@COLLATION_CONNECTION */;
/*!40101 SET NAMES utf8mb4 */;

--
-- Database: `test`
--

-- --------------------------------------------------------

--
-- Table structure for table `categories`
--

CREATE TABLE `categories` (
  `Cat_ID` int(11) NOT NULL,
  `Cat_Name` varchar(100) NOT NULL
) ENGINE=InnoDB DEFAULT CHARSET=utf8;

--
-- Dumping data for table `categories`
--

INSERT INTO `categories` (`Cat_ID`, `Cat_Name`) VALUES
(1, 'الادوات الكتابية\r\n'),
(2, 'الاحبار\r\n'),
(3, 'دفاتر ومطبوعات\r\n'),
(4, 'مهمات امن صناعى\r\n'),
(5, 'اصول ثابتة-اثاث وتجهيزات مكتبية'),
(6, 'اصول ثابتة-اجهزة المعمل \r\n'),
(7, 'اصول ثابتة-أجهزة كهربائية\r\n'),
(8, 'اصول ثابتة-ادوات بوفيه\r\n'),
(9, 'اصول ثابتة-ادوات سباكة'),
(10, 'اصول ثابتة- انارة\r\n'),
(11, 'اصول ثابتة-تكييفات'),
(12, 'اصول ثابتة-كاميرات'),
(13, 'اصول ثابتة-كمبيوترات وفاكسات وطابعات وتليفونات\r\n'),
(14, 'الروافع'),
(15, 'سيور ناقله\r\n'),
(16, 'مسارات القمح,الصمامات, البوابات\r\n'),
(17, 'Filters فلاتر'),
(18, 'جزء من خلايا الصرف'),
(19, 'plc قطع غيار  '),
(20, 'الاجزاء الكهربائية'),
(21, 'موازين'),
(22, 'الغربال'),
(23, 'مراوح تهوية'),
(24, 'معدات المعمل'),
(25, 'ضواغط'),
(26, 'جزء من خلايا التخزين');

-- --------------------------------------------------------

--
-- Table structure for table `contract`
--

CREATE TABLE `contract` (
  `Contract_ID` bigint(20) NOT NULL,
  `Contract_Number` int(11) NOT NULL,
  `User_Received` varchar(50) NOT NULL,
  `Silo_Received` varchar(50) NOT NULL,
  `Classification` varchar(100) NOT NULL,
  `Class_item` varchar(100) NOT NULL,
  `Amount` int(11) NOT NULL,
  `Doc_ID` bigint(20) NOT NULL,
  `User_borrow` varchar(50) NOT NULL,
  `Date` date NOT NULL
) ENGINE=InnoDB DEFAULT CHARSET=utf8;

-- --------------------------------------------------------

--
-- Table structure for table `contract_report`
--

CREATE TABLE `contract_report` (
  `Contract_Report_ID` bigint(20) NOT NULL,
  `Code` bigint(20) NOT NULL,
  `Classifications` varchar(100) NOT NULL,
  `Imports` int(11) NOT NULL,
  `Exports` int(11) NOT NULL,
  `Total` int(11) NOT NULL,
  `Contract_ID` bigint(20) NOT NULL,
  `Notes` varchar(255) NOT NULL
) ENGINE=InnoDB DEFAULT CHARSET=utf8;

-- --------------------------------------------------------

--
-- Table structure for table `documents`
--

CREATE TABLE `documents` (
  `Doc_ID` bigint(20) NOT NULL,
  `Doc_Date` date NOT NULL,
  `Doc_Number` bigint(20) NOT NULL,
  `Doc_code` bigint(20) NOT NULL,
  `Doc_type` varchar(20) NOT NULL,
  `Doc_Statement` varchar(100) NOT NULL,
  `Doc_Class_name` varchar(100) NOT NULL,
  `Doc_First` int(11) NOT NULL,
  `Store_ID` int(11) NOT NULL,
  `Drainage_area` varchar(50) NOT NULL,
  `Outgoing` int(11) NOT NULL,
  `Notes` varchar(255) NOT NULL
) ENGINE=InnoDB DEFAULT CHARSET=utf8;

--
-- Dumping data for table `documents`
--

INSERT INTO `documents` (`Doc_ID`, `Doc_Date`, `Doc_Number`, `Doc_code`, `Doc_type`, `Doc_Statement`, `Doc_Class_name`, `Doc_First`, `Store_ID`, `Drainage_area`, `Outgoing`, `Notes`) VALUES
(1, '2018-10-09', 15478, 110026, 'أذن أضافة', 'الادوات الكتابية\r\n', 'علبة حفظ مستندات\r\n', 231, 1, 'مكتبة سامى', 500, ''),
(2, '2018-10-18', 15488, 110026, 'أذن أضافة', 'الادوات الكتابية\r\n', 'علبة حفظ مستندات\r\n', 231, 1, 'مكتبة سامى', 500, ''),
(3, '2018-08-27', 15091, 120002, 'أذن أضافة', 'الاحبار\r\n', 'حبر hp A12 \r\n', 6, 1, 'وارد شركة مكة لمستلزمات الكمبيوتر', 6, ''),
(4, '2018-08-27', 15091, 120003, 'أذن أضافة', 'الاحبار\r\n', 'حبر hp A 35 \r\n', 8, 1, 'وارد شركة مكه ', 5, ''),
(5, '2018-12-14', 9401, 110026, 'أذن  صرف', 'الادوات الكتابية\r\n\r\n', 'ورق تصوير A4\r\n', 3452, 1, 'مكتب رئيس مجلس الادارة', 20, ''),
(6, '2018-10-09', 9404, 110001, 'اذن صرف', 'اذن صرف', 'ورق تصوير A4\r\n', 3452, 1, 'محمد حسن', 10, ''),
(7, '2018-12-06', 9410, 110001, 'أذن  صرف', 'الادوات الكتابية\r\n', 'ورق تصوير A4\r\n', 3452, 1, 'ادارة الاستلام والتخزين', 25, '');

-- --------------------------------------------------------

--
-- Table structure for table `item`
--

CREATE TABLE `item` (
  `Item_ID` int(4) DEFAULT NULL,
  `Item_Code` int(7) DEFAULT NULL,
  `Cat_ID` int(2) DEFAULT NULL,
  `Item_Name` varchar(93) DEFAULT NULL
) ENGINE=InnoDB DEFAULT CHARSET=utf8;

--
-- Dumping data for table `item`
--

INSERT INTO `item` (`Item_ID`, `Item_Code`, `Cat_ID`, `Item_Name`) VALUES
(1, 110001, 1, 'ورق تصوير A4'),
(2, 110002, 1, 'بلوك نوت'),
(3, 110003, 1, 'ملف مسطرة'),
(4, 110004, 1, 'صابونة ورق'),
(5, 110005, 1, 'استيكة'),
(6, 110006, 1, 'ورق مسطر '),
(7, 110007, 1, 'خلاعة دبابيس'),
(8, 110008, 1, 'استيكر لاصق'),
(9, 110009, 1, 'ماكينة سولتيب'),
(10, 110010, 1, 'خرامة'),
(11, 110011, 1, 'مسطرة حديد'),
(12, 110012, 1, 'ختامة'),
(13, 110013, 1, 'زجاجة حبر ختامة'),
(14, 110014, 1, 'دباسة '),
(15, 110015, 1, 'قلم كوريكتور'),
(16, 110016, 1, 'قلم ماركر'),
(17, 110017, 1, 'قلم جاف'),
(18, 110018, 1, 'قلم فسفوري'),
(19, 110019, 1, 'صمغ'),
(20, 110020, 1, 'ورق تصوير A3'),
(21, 110021, 1, 'قلم يونى بول'),
(22, 110022, 1, 'قلم رصاص'),
(23, 110023, 1, 'ملف ديجيتال'),
(24, 110024, 1, 'حافظة بكبسولة'),
(25, 110025, 1, 'الة حاسبة'),
(26, 110026, 1, 'علبة حفظ مستندات'),
(27, 110027, 1, 'حافظة حرف U'),
(28, 110028, 1, 'حافظة حرف L'),
(29, 110029, 1, 'سلوتيب'),
(30, 110030, 1, 'اكلاسير 4سم'),
(31, 110031, 1, 'دبابيس متنوعة'),
(32, 110032, 1, 'ورق كربون'),
(33, 110033, 1, 'ورق جلوسى'),
(34, 110034, 1, 'ورق تصوير الوان A4'),
(35, 110035, 1, 'مقص ورق كبير'),
(36, 110036, 1, 'اظرف مختلفة المقاسات'),
(37, 110037, 1, 'فواصل 12 لسان / 6 لسان'),
(38, 110038, 1, 'قلم عرض شرح'),
(39, 110039, 1, 'اكلاسير 8سم'),
(40, 110040, 1, 'براية مكتب'),
(41, 110041, 1, 'قلم حبر'),
(42, 110042, 1, 'كربون شفاف'),
(43, 110043, 1, 'دبابيس مكتب '),
(44, 110044, 1, 'دباسة كبيرة'),
(45, 110045, 1, 'درام طابعة  A53'),
(46, 110046, 1, 'دوسيه بلاستيك'),
(47, 110047, 1, 'سلوتيب كبير'),
(48, 110048, 1, 'شريط حباره ميزان'),
(49, 110049, 1, 'شريط طابعة OKI 720'),
(50, 110050, 1, 'مشبك اوراق'),
(51, 110051, 1, 'ورق طباعة ميزان'),
(52, 120001, 2, 'حبر hp A13 '),
(53, 120002, 2, 'حبر hp A12 '),
(54, 120003, 2, 'حبر hp A 35 '),
(55, 120004, 2, 'حبر hp A 49 '),
(56, 120005, 2, ' حبر فاكس  بانسونيك FA  85 E'),
(57, 120006, 2, 'hpحبر اسود  932 '),
(58, 120007, 2, 'hpحبر ازرق  933 '),
(59, 120008, 2, 'hpحبر احمر  933 '),
(60, 120009, 2, 'hpحبراصفر  933 '),
(61, 120010, 2, 'حبارة زيروكس 3215'),
(62, 120011, 2, 'hpAحبر  53 '),
(63, 120012, 2, 'حبر hp 05 A'),
(64, 120013, 2, 'حبر hp 85 A'),
(65, 120014, 2, 'حبر فاكس كانون fx10'),
(66, 120015, 2, 'حبر ماكينة تصوير زيروكس 5020'),
(67, 120016, 2, 'حبر اسود  950 '),
(68, 120017, 2, 'حبر احمر 951 '),
(69, 120018, 2, 'حبر اصفر 951'),
(70, 120019, 2, 'حبرازرق 951'),
(71, 120020, 2, 'حبارة اسود 121'),
(72, 120021, 2, 'حبارة اسود 45'),
(73, 120022, 2, 'حبر ماكينة تصوير شارب 5520'),
(74, 120023, 2, 'حبر فاكس kxfa  88 a'),
(75, 120024, 2, 'حبر ماكينة تصويركانون NPC20'),
(76, 120025, 2, 'حبر ماكينة تصوير اوليفى 1800'),
(77, 120026, 2, 'حبر ماكينة تصوير اوليفى 2001'),
(78, 120027, 2, 'حبر كانون 728'),
(79, 120028, 2, 'حبارة HP26A'),
(80, 130001, 3, 'دفتر 6 خانة'),
(81, 130002, 3, 'دفتر 3 خانة'),
(82, 130003, 3, 'دفتر 4 خانة'),
(83, 130004, 3, 'دفتر أستاذ'),
(84, 130005, 3, 'دفتر أشارة'),
(85, 130006, 3, 'دفتر عيادة'),
(86, 130007, 3, 'دفتر امر توريد'),
(87, 130008, 3, 'سجل سير سيارة'),
(88, 130009, 3, 'دفتر تقييم أداء'),
(89, 130010, 3, 'نموذج 130 - أستمارة 126'),
(90, 130011, 3, 'سجل تفتيش'),
(91, 130012, 3, 'إذن صرف نقدية ( سلف مستديمة )'),
(92, 130013, 3, 'دفتر الاجازات / عارضة / أعتيادى'),
(93, 130014, 3, 'دفتر أشعار خصم'),
(94, 130015, 3, 'دفتر تصريح بإذن'),
(95, 130016, 3, 'دفتر امر شغل سيارة'),
(96, 130017, 3, 'دفتر مبيعات أصل'),
(97, 130018, 3, 'دفتر قيد الاعفاءات الجمركية نوع 187'),
(98, 130019, 3, 'دفتر طلب عروض اسعار'),
(99, 130020, 3, 'سجل تسكين العاملين'),
(100, 130021, 3, 'سجل التجنيد'),
(101, 130022, 3, 'سجل الاحتياط'),
(102, 130023, 3, 'سجل العاملين ( لونة اصفر )'),
(103, 130024, 3, 'سجل المعاريين والمنتدبين'),
(104, 130025, 3, 'سجل الجزاءات'),
(105, 130026, 3, 'سجل تعيين'),
(106, 130027, 3, 'سجل اجازات للعاملين'),
(107, 130028, 3, 'دفتر تصريح مأمورية'),
(108, 130029, 3, 'دفتر طلب صرف مخزن'),
(109, 130030, 3, 'دفتر أذن صرف مخزن'),
(110, 130031, 3, 'دفتر قسيمة وارد مخزن'),
(111, 130032, 3, 'دفتر محضر فحص واستلام'),
(112, 130033, 3, 'إذن صرف نقدية ( سلف مستديمة 2 صورة )'),
(113, 130034, 3, 'دفتر كشف حركة خزينة'),
(114, 130035, 3, 'إذن صرف نقدية ( سلف مستديمة 3 صورة )'),
(115, 130036, 3, 'دفتر إذن توريد نقدية'),
(116, 130037, 3, 'دفتر قيد محاسبة'),
(117, 130038, 3, 'سجل حضور وانصراف 24 خانة'),
(118, 130039, 3, 'دفتر حرف ( ز )'),
(119, 130040, 3, 'دفتر 20 خانة'),
(120, 130041, 3, 'دفتر 16 خانة'),
(121, 130042, 3, 'دفتر اذن خروج سيارة ( كارتة )'),
(122, 130043, 3, 'دفتر 8 خانة'),
(123, 130044, 3, 'دفتر 17 خانة'),
(124, 130045, 3, 'دفتر سجل موردين'),
(125, 130046, 3, 'كشف بيان أوزان قمح'),
(126, 130047, 3, 'دفتر خطابات صادرة'),
(127, 130048, 3, 'دفتر خطابات واردة'),
(128, 130049, 3, 'دفتر سجل زيارات'),
(129, 130050, 3, 'دفتر بوسطة'),
(130, 130051, 3, 'كراسة شروط رقم (1) لعام 2019/2018'),
(131, 130052, 3, 'دفتر منصرف مطاحن مستورد'),
(132, 130053, 3, 'دفتر منصرف مطاحن محلى'),
(133, 130054, 3, 'سجل تسجيل السيارات الواردة ( محلي )'),
(134, 130055, 3, 'تقرير حركة الصومعة'),
(135, 130056, 3, 'دفتر بون بنزين'),
(136, 130057, 3, 'سجل تسجيل السيارات قمح مستورد'),
(137, 130058, 3, 'سجل الزائرين'),
(138, 130059, 3, 'كراسة شروط مناقصة عامة رقم 2 تعتيق وتحميل وجة قبلى'),
(139, 130060, 3, 'كراسة شروط مناقصة عامة رقم3 تعتيق وتحميل وجة بحرى'),
(140, 130061, 3, 'كراسة شروط مناقصة محدودةرقم3 شراء 300 اطار نقل ثقيل'),
(141, 130062, 3, 'كراسة شروط مناقصة محدودةرقم2توريد سيور جلد والواح '),
(142, 130063, 3, 'أذن دخول سيارة'),
(143, 130064, 3, 'دفتر اخطار وارد بوابة'),
(144, 130065, 3, 'دفتر اذن صرف نقدية'),
(145, 130066, 3, 'إذن صرف نقدية من السلفة اصل وصوره'),
(146, 130067, 3, 'اظرف مقاس 18*25'),
(147, 130068, 3, 'اظرف مقاس 25*35'),
(148, 130069, 3, 'اظرف مقاس 33*44'),
(149, 130070, 3, 'اظرف مقاس11*22'),
(150, 130071, 3, 'دفتر امر صرف كمية'),
(151, 130072, 3, 'دفتر بيان قمح محلي '),
(152, 130073, 3, 'حركة المحلي'),
(153, 130074, 3, 'حركة المستورد'),
(154, 130075, 3, 'سجل حضور وانصراف 12 خانة'),
(155, 130076, 3, 'دفتر اعطال'),
(156, 130077, 3, 'دفتر بواخر'),
(157, 130078, 3, 'دفتر بوليصة شحن'),
(158, 130079, 3, 'دفتر تقرير تبخير'),
(159, 130080, 3, 'دفتر جلسات 100ورقة'),
(160, 130081, 3, 'دفتر حركة خلايا'),
(161, 130082, 3, 'دفتر حركة كنترول'),
(162, 130083, 3, 'دفتر حركه مخزن'),
(163, 130084, 3, 'دفتر ساعات تشغيل'),
(164, 130085, 3, 'دفتر كارتة بيانات قمح محلي'),
(165, 130086, 3, 'دفتر اعمال الصيانة'),
(166, 130087, 3, 'سجل توقيع مناديب المطاحن'),
(167, 130088, 3, 'سجل مرتبات'),
(168, 130089, 3, 'دفتر صادر بوابة'),
(169, 130090, 3, 'صرف بنزين'),
(170, 130091, 3, 'محضر عجز / تالف'),
(171, 130092, 3, 'نموذج فرز قمح محلى'),
(172, 130093, 3, 'دفتر يوميات وارد بوابة'),
(173, 140001, 4, 'استيكرات'),
(174, 140002, 4, 'بالطو زراعيين '),
(175, 140003, 4, 'بدله مهندسين'),
(176, 140004, 4, 'جاونتى لحام '),
(177, 140005, 4, 'جردل حريق'),
(178, 140006, 4, 'حذاء سيفتى'),
(179, 140007, 4, 'حزام أمان'),
(180, 140008, 4, 'خوذة بلاستيك'),
(181, 140009, 4, 'صندوق اسعافات'),
(182, 140010, 4, 'قمع بلاستك'),
(183, 140011, 4, 'كمامات'),
(184, 140012, 4, 'كوريك'),
(185, 140013, 4, 'نظارة حماية'),
(186, 140014, 4, 'نظارة رايش'),
(187, 140015, 4, 'وش لحام'),
(188, 810001, 5, ' استاند للارفف المعدنيه'),
(189, 810002, 5, ' استاند للارفف المعدنيه 4رف'),
(190, 810003, 5, ' استاند للارفف المعدنيه 5رف'),
(191, 810004, 5, ' باب خشب 90*2م '),
(192, 810005, 5, ' شباك خشب 128*186سم'),
(193, 810006, 5, 'استاند حديد ترابيزة بالرخام 15 م'),
(194, 810007, 5, 'استاند ورق بلاستيك'),
(195, 810008, 5, 'الواح خشب مقاس 5×25 سم ×4 متر '),
(196, 810009, 5, 'باب المونتال'),
(197, 810010, 5, 'باب حديد'),
(198, 810011, 5, 'باب خشب '),
(199, 810012, 5, 'باب خشب 2.10*70سم'),
(200, 810013, 5, 'باب خشب 2.13*85سم'),
(201, 810014, 5, 'باب خشب 2.5م*1.5 م '),
(202, 810015, 5, 'باب خشب 50*70سم '),
(203, 810016, 5, 'بطانية'),
(204, 810017, 5, 'بطانية  150 × 220 سم'),
(205, 810018, 5, 'بطانية 150*120سم'),
(206, 810019, 5, 'ترابيزة'),
(207, 810020, 5, 'ترابيزة (مبنى التدريب )'),
(208, 810021, 5, 'ترابيزة اجتماعات'),
(209, 810022, 5, 'ترابيزة اجتماعات(مبنى التدريب )'),
(210, 810023, 5, 'ترابيزة انتريه                                              '),
(211, 810024, 5, 'ترابيزة كمبيوتر'),
(212, 810025, 5, 'ترابيزة مكتب مدير(مبنى التدريب )'),
(213, 810026, 5, 'ترابيزه خشب  '),
(214, 810027, 5, 'جراب'),
(215, 810028, 5, 'جلد بني مجزع'),
(216, 810029, 5, 'جلد عادي'),
(217, 810030, 5, 'جهاز كشف العملة'),
(218, 810031, 5, 'حامل صاج'),
(219, 810032, 5, 'حامل مايك'),
(220, 810033, 5, 'خدديه فايبر'),
(221, 810034, 5, 'خزينة اوجيدا مقاس 127سم *59 سم'),
(222, 810035, 5, 'خزينة حديد '),
(223, 810036, 5, 'خزينة حديد 127*59*59 سم '),
(224, 810037, 5, 'خزينة حديد 90 × 60×90سم '),
(225, 810038, 5, 'دفايه سرير'),
(226, 810039, 5, 'دكه خشب '),
(227, 810040, 5, 'دولاب 2 دلفه'),
(228, 810041, 5, 'دولاب 6 دلفه'),
(229, 810042, 5, 'دولاب تجفيف '),
(230, 810043, 5, 'دولاب حريق دومكى بالملحقات'),
(231, 810044, 5, 'دولاب حريق صاج كامل '),
(232, 810045, 5, 'دولاب خشب'),
(233, 810046, 5, 'دولاب خشب 3 دلفة '),
(234, 810047, 5, 'دولاب صاج 1 دلفة '),
(235, 810048, 5, 'دولاب صاج 2 دلفة'),
(236, 810049, 5, 'دولاب صاج 6 دلفة'),
(237, 810050, 5, 'دولاب للاسعفات الاوليه '),
(238, 810051, 5, 'دولاب(مبنى التدريب )'),
(239, 810052, 5, 'دولاب3 دلفه'),
(240, 810053, 5, 'راك صاج '),
(241, 810054, 5, 'ساعة حائط'),
(242, 810055, 5, 'ستارة شباك'),
(243, 810056, 5, 'ستائر مكتب '),
(244, 810057, 5, 'سجاد للمسجد باكمله'),
(245, 810058, 5, 'سجادة'),
(246, 810059, 5, 'سجادة  مقاس 2.5*2م'),
(247, 810060, 5, 'سجادة 2م*285 سم'),
(248, 810061, 5, 'سجادة مقاس 1.5 م * 2 م'),
(249, 810062, 5, 'سجادة مقاس 1م*3م'),
(250, 810063, 5, 'سجادة مقاس 2.40 م * 3.40م'),
(251, 810064, 5, 'سجادة مقاس 3م ×4م'),
(252, 810065, 5, 'سجادة مقاس 5م*6م'),
(253, 810066, 5, 'سجادة مقاس1.70 م* 2.50 م'),
(254, 810067, 5, 'سجادة مقاس4 م* 1.10 م'),
(255, 810068, 5, 'سجاده للمسجد'),
(256, 810069, 5, 'سجاده مقاس 2م*3م'),
(257, 810070, 5, 'سرير'),
(258, 810071, 5, 'سرير خشب'),
(259, 810072, 5, 'سرير خشب مقاس 100سم'),
(260, 810073, 5, 'سرير خشب مقاس 120سم'),
(261, 810074, 5, 'سرير صاج'),
(262, 810075, 5, 'سلة مهملات '),
(263, 810076, 5, 'شانون'),
(264, 810077, 5, 'شانون  3 درج '),
(265, 810078, 5, 'شانون  5 درج '),
(266, 810079, 5, 'شانون 2 درج'),
(267, 810080, 5, 'شانون 4درج'),
(268, 810081, 5, 'شانون صاج'),
(269, 810082, 5, 'شانون صاج 2 درج'),
(270, 810083, 5, 'شانون صاج 4 درج'),
(271, 810084, 5, 'شباك المونتال'),
(272, 810085, 5, 'شباك حديد'),
(273, 810086, 5, 'شباك خشب'),
(274, 810087, 5, 'شباك خشب + فرام حديد'),
(275, 810088, 5, 'شباك خشب 200سم ×100 سم '),
(276, 810089, 5, 'شباك خشب 50*80سم'),
(277, 810090, 5, 'شباك خشب مقاس 1.5*1.13م'),
(278, 810091, 5, 'شبكة حديد'),
(279, 810092, 5, 'شفونيرة خشب'),
(280, 810093, 5, 'شماعة '),
(281, 810094, 5, 'شماعة خشب زان '),
(282, 810095, 5, 'شمسية بحر'),
(283, 810096, 5, 'شنطة'),
(284, 810097, 5, 'شنطة نقود '),
(285, 810098, 5, 'شنطه لحفظ النقديه'),
(286, 810099, 5, 'صاعق للناموس'),
(287, 810100, 5, 'طفيات سجاير'),
(288, 810101, 5, 'طقم انترية  يتكون من ( 4كرسى جلد +2 كنبة جلد + تربيزه  '),
(289, 810102, 5, 'طقم انتريه (1كنبه+2كرسي+1 تربيزة)'),
(290, 810103, 5, 'طقم سرير'),
(291, 810104, 5, 'طقم مكتب '),
(292, 810105, 5, 'طقم ملاية '),
(293, 810106, 5, 'قاعدة ثلاجة'),
(294, 810107, 5, 'قاعده مكينه تصوير'),
(295, 810108, 5, 'قطاعة سوليتب'),
(296, 810109, 5, 'قطاعه خشب'),
(297, 810110, 5, 'قطعة سجاد 4 م * 5 م'),
(298, 810111, 5, 'قمع بلاستيك'),
(299, 810112, 5, 'كاونتر استقبال (مبنى التدريب )'),
(300, 810113, 5, 'كاونتر رخام حرف ( L )'),
(301, 810114, 5, 'كرسى انتظار'),
(302, 810115, 5, 'كرسى انتظار (مبنى التدريب )'),
(303, 810116, 5, 'كرسى بلاستيك'),
(304, 810117, 5, 'كرسى حديد'),
(305, 810118, 5, 'كرسى خرزان'),
(306, 810119, 5, 'كرسى خشب'),
(307, 810120, 5, 'كرسى خشب زان  '),
(308, 810121, 5, 'كرسى غرفة دراسة(مبنى التدريب )'),
(309, 810122, 5, 'كرسى قاعة محضرات(مبنى التدريب )'),
(310, 810123, 5, 'كرسى موظف جلد '),
(311, 810124, 5, 'كرسى موظف جلد كبير'),
(312, 810125, 5, 'كرسى موظف جلد هيدروليك'),
(313, 810126, 5, 'كرسى موظف جلد هيدروليك صغير'),
(314, 810127, 5, 'كرسى موظف جلد هيدروليك(مبنى التدريب )'),
(315, 810128, 5, 'كرسي انتريه جلد  '),
(316, 810129, 5, 'كرسي بحر'),
(317, 810130, 5, 'كرسي حديد'),
(318, 810131, 5, 'كرسي خشب'),
(319, 810132, 5, 'كرسي خشب  دائري                                      '),
(320, 810133, 5, 'كرسي ظهر عالي'),
(321, 810134, 5, 'كرسي كمبيوتر '),
(322, 810135, 5, 'كمودينو2دررج'),
(323, 810136, 5, 'كنب خشب'),
(324, 810137, 5, 'كنبة انتريه جلد'),
(325, 810138, 5, 'كوفرتة سرير'),
(326, 810139, 5, 'كومدينو '),
(327, 810140, 5, 'كيس خدديه'),
(328, 810141, 5, 'كيس مخدة(2)'),
(329, 810142, 5, 'كيس مخده'),
(330, 810143, 5, 'لحاف'),
(331, 810144, 5, 'لحاف '),
(332, 810145, 5, 'لحاف فايبر'),
(333, 810146, 5, 'لحاف فايبر 150*220 سم'),
(334, 810147, 5, 'لوح زجاج للمكتب'),
(335, 810148, 5, 'لوحة اعلانات 120*80 سم'),
(336, 810149, 5, 'لوحة اعلانات 4 دلفة'),
(337, 810150, 5, 'لوحة اعلانات بالمقابض'),
(338, 810151, 5, 'لوحة اعلانات خشب'),
(339, 810152, 5, 'لوحة اعلانات مقاس 1*1 م '),
(340, 810153, 5, 'لوحة إعلانات'),
(341, 810154, 5, 'ماكينة عد نقدية'),
(342, 810155, 5, 'مجموعة ارفف معدنية'),
(343, 810156, 5, 'مجموعة ارفف معدنية 3 رف'),
(344, 810157, 5, 'مجموعة ارفف معدنية 5 رف'),
(345, 810158, 5, 'مخدة'),
(346, 810159, 5, 'مخدة سرير '),
(347, 810160, 5, 'مراية وش'),
(348, 810161, 5, 'مرتبة سرير'),
(349, 810162, 5, 'مروحة مكتب (ستان 77توشيبا))'),
(350, 810163, 5, 'مروحه مكتب'),
(351, 810164, 5, 'مشاية 613 سم * 1 متر'),
(352, 810165, 5, 'مكتب  موظف خشب '),
(353, 810166, 5, 'مكتب خشب 3 درج'),
(354, 810167, 5, 'مكتب خشب 4 درج '),
(355, 810168, 5, 'مكتب خشب(مبنى التدريب )'),
(356, 810169, 5, 'مكتب خشب7 درج'),
(357, 810170, 5, 'مكتب رئيس قطاع'),
(358, 810171, 5, 'مكتب صاج'),
(359, 810172, 5, 'مكتب محاضر(مبنى التدريب )'),
(360, 810173, 5, 'مكتب مدير خشب'),
(361, 810174, 5, 'مكتب مدير(مبنى التدريب )'),
(362, 810175, 5, 'مكتبة'),
(363, 810176, 5, 'ملايه سرير'),
(364, 810177, 5, 'منضدة خشبية'),
(365, 810178, 5, 'موكيت'),
(366, 810179, 5, 'موكيت  4م * 5.60م'),
(367, 810180, 5, 'موكيت كامل للمسجد'),
(368, 810181, 5, 'وحدة dss48'),
(369, 810182, 5, 'وحدة ادراج(مبنى التدريب )'),
(370, 820001, 6, 'جهاز سحب العينات '),
(371, 820002, 6, 'عربة موتور رش مبيدات بالتانك'),
(372, 830001, 7, ' سخان اوليمبك الكتريك 50 لتر '),
(373, 830002, 7, ' شاشة 32 بوصة '),
(374, 830003, 7, ' شفاط فريش'),
(375, 830004, 7, 'ثلاجة'),
(376, 830005, 7, 'ثلاجة 10قدم'),
(377, 830006, 7, 'ثلاجة 10قدم الاسكا '),
(378, 830007, 7, 'ثلاجة 12 قدم'),
(379, 830008, 7, 'ثلاجة 8 قدم'),
(380, 830009, 7, 'ثلاجة ايديال 12 قدم بالقاعدة'),
(381, 830010, 7, 'ثلاجة ايديال 14 قدم '),
(382, 830011, 7, 'ثلاجة ايديال 8 قدم'),
(383, 830012, 7, 'ثلاجة توشيبا'),
(384, 830013, 7, 'ثلاجة12قدم توشيبا'),
(385, 830014, 7, 'ثلاجة14قدم توشيبا'),
(386, 830015, 7, 'ثلاجة8قدم توشيبا'),
(387, 830016, 7, 'ثلاجه الاسكا'),
(388, 830017, 7, 'ثلاجه ايديا ل 12 قدم'),
(389, 830018, 7, 'ثلاجه ايديال'),
(390, 830019, 7, 'ثلاجه ايديال 10 قدم'),
(391, 830020, 7, 'ثلاجه جولدى'),
(392, 830021, 7, 'جهاز داتا شو(مبنى التدريب )'),
(393, 830022, 7, 'خلاط مطبخ'),
(394, 830023, 7, 'ريسيفر'),
(395, 830024, 7, 'ريموت سامسونج'),
(396, 830025, 7, 'سخان 30 لتر ايديال'),
(397, 830026, 7, 'سخان اوليمبك الكتريك'),
(398, 830027, 7, 'سخان اوليمبك الكتريك 40 لتر '),
(399, 830028, 7, 'سخان اوليمبك اليكتريك 20 لتر'),
(400, 830029, 7, 'سخان اوليمبك اليكتريك 30 لتر'),
(401, 830030, 7, 'سخان اوليمبك اليكتريك 60 لتر'),
(402, 830031, 7, 'سخان كهرباء فريش 30 لتر'),
(403, 830032, 7, 'سخان كهربائى '),
(404, 830033, 7, 'سخان كهربائي أوليمبيك 30لتر'),
(405, 830034, 7, 'سخان كهربائي ج ام سى 40لتر '),
(406, 830035, 7, 'سماعات صوت للمسجد'),
(407, 830036, 7, 'سونسر حساس يعمل على لرفع المياة '),
(408, 830037, 7, 'شاشة (lcd-smt-2231)'),
(409, 830038, 7, 'شاشة 32 بوصة  بيلكو'),
(410, 830039, 7, 'شاشة 32 بوصة PELCO'),
(411, 830040, 7, 'شاشة LCD تورنيدو'),
(412, 830041, 7, 'شاشة الميزانmetler Tolido'),
(413, 830042, 7, 'شاشة تحكم بالبسكولالمصنع : Mettiertoledq – الموديل : WD310 المسلسل: 04059196hm – المنشا :صينى'),
(414, 830043, 7, 'شاشة تحكم رقمية خاصة بالميزان الالكتروني'),
(415, 830044, 7, 'شاشة سامسونج 32\"'),
(416, 830045, 7, 'شاشة كاميرات'),
(417, 830046, 7, 'شاشة ميزان'),
(418, 830047, 7, 'شاشة ميزان Mettler '),
(419, 830048, 7, 'شاشة ميزان البرج it8000E'),
(420, 830049, 7, 'شفاط   '),
(421, 830050, 7, 'شفاط  50 × 50سم '),
(422, 830051, 7, 'شفاط 35*30 سم'),
(423, 830052, 7, 'شفاط GEWEITE'),
(424, 830053, 7, 'شفاط اوليمبك الكتريك'),
(425, 830054, 7, 'شفاط باناسونيك'),
(426, 830055, 7, 'طلمبة رفع مياة  قدرة الموتور 1.5 كيلو وات '),
(427, 830056, 7, 'فلتر مياة'),
(428, 830057, 7, 'فلتر مياة 7 مرحله'),
(429, 830058, 7, 'فلتر مياه 5 مرحله'),
(430, 830059, 7, 'فلتر مياه 8مرحله'),
(431, 830060, 7, 'كاتل كهربائى'),
(432, 830061, 7, 'كاتيل (سخان كهربائي)'),
(433, 830062, 7, 'كشاف'),
(434, 830063, 7, 'كشاف 120سم  '),
(435, 830064, 7, 'كشاف 400 watt  '),
(436, 830065, 7, 'كشاف 60 سم'),
(437, 830066, 7, 'كشاف 60سم  4لمبة'),
(438, 830067, 7, 'كشاف LED Grand'),
(439, 830068, 7, 'كشاف ميتا لايت'),
(440, 830069, 7, 'كولدير 2 حنفية '),
(441, 830070, 7, 'كولدير 3 حنفية '),
(442, 830071, 7, 'كولديرمياه'),
(443, 830072, 7, 'ماتور رش وتطهير بمشتملاتة'),
(444, 830073, 7, 'ماتور سحب مياة المسجد ببالونة نوع كالبيدا –القدرة 1 حصان '),
(445, 830074, 7, 'ماتور مياه 1 حصان '),
(446, 830075, 7, 'ماتور مياه كالبيدا'),
(447, 830076, 7, 'ماتور مياه كالبيدا 1.5 حصان'),
(448, 830077, 7, 'مايك'),
(449, 830078, 7, 'مبرد مياه'),
(450, 830079, 7, 'مجفف يد بالهواء كهربائى'),
(451, 830080, 7, 'مروحة استاند'),
(452, 830081, 7, 'مروحة حائط'),
(453, 830082, 7, 'مروحة حائط بانسونيك'),
(454, 830083, 7, 'مروحة حائط توشيبا'),
(455, 830084, 7, 'مروحة حائط فريش'),
(456, 830085, 7, 'مروحة حائط نوفال'),
(457, 830086, 7, 'مروحة سقف '),
(458, 830087, 7, 'مروحة سقف تورنيدو'),
(459, 830088, 7, 'مروحة سقف توشيبا'),
(460, 830089, 7, 'مروحه استاند عمودى'),
(461, 830090, 7, 'مروحه استاند عمودى توشيبا'),
(462, 830091, 7, 'مروحه استاند عمودى فريش'),
(463, 830092, 7, 'مروحه سقف جنرال'),
(464, 830093, 7, 'مروحه سقف فريش'),
(465, 830094, 7, 'مروحه سقف نوفال '),
(466, 830095, 7, 'مروحه سقف نيوناشونال'),
(467, 830096, 7, 'مشترك كهرباء'),
(468, 830097, 7, 'مطحنة كهربائية'),
(469, 830098, 7, 'مكنسة كهربائية توشيبا 1600 وات '),
(470, 830099, 7, 'مكنسة كهربائية توشيبا 2500 وات '),
(471, 830100, 7, 'مكنسة كهربائيه'),
(472, 830101, 7, 'موتور رفع مياة'),
(473, 830102, 7, 'موتور مياه 2 حصان'),
(474, 830103, 7, 'موتور مياه 2,25 حصان'),
(475, 830104, 7, 'موتور مياه 3\\4 حصان'),
(476, 830105, 7, 'ميزان شاشة 120*170 '),
(477, 830106, 7, 'ميكروفون Icom'),
(478, 830107, 7, 'ميكروفون مكبر للصوت'),
(479, 840001, 8, ' طقم عصير استانلس '),
(480, 840002, 8, ' مقلايه '),
(481, 840003, 8, 'انبوبه بوتجاز'),
(482, 840004, 8, 'براد '),
(483, 840005, 8, 'برطمان صغير '),
(484, 840006, 8, 'بوتاجـاز 2 شعلة فريش'),
(485, 840007, 8, 'بوتاجاز مسطح ناشيونال'),
(486, 840008, 8, 'بوتجاز كهرباء'),
(487, 840009, 8, 'بوتجاز كهرباء مسطح 2عين'),
(488, 840010, 8, 'بوتجاز كهرباء مسطح 3عين'),
(489, 840011, 8, 'بوتجاز كهرباء مسطح3عين'),
(490, 840012, 8, 'جاروف'),
(491, 840013, 8, 'جردل '),
(492, 840014, 8, 'حلل مقاسات مختلفة'),
(493, 840015, 8, 'حله '),
(494, 840016, 8, 'دورق مياة'),
(495, 840017, 8, 'رخامة'),
(496, 840018, 8, 'سكريه'),
(497, 840019, 8, 'سكينة '),
(498, 840020, 8, 'شعلة غاز'),
(499, 840021, 8, 'صنيه استانلس '),
(500, 840022, 8, 'طاسة '),
(501, 840023, 8, 'طبق استانلس '),
(502, 840024, 8, 'طبق حمام '),
(503, 840025, 8, 'طبق ملامين '),
(504, 840026, 8, 'طقم توزيع'),
(505, 840027, 8, 'طقم كوبايات شاي'),
(506, 840028, 8, 'طقم كوبايات مياة'),
(507, 840029, 8, 'طقم وسط بلاستيك'),
(508, 840030, 8, 'علبة توابل '),
(509, 840031, 8, 'فتالة'),
(510, 840032, 8, 'فنجان قهوه '),
(511, 840033, 8, 'كنكه  صغيره'),
(512, 840034, 8, 'كنكه  وسط'),
(513, 840035, 8, 'كنكه استانلس'),
(514, 840036, 8, 'كوب شاى'),
(515, 840037, 8, 'كوباية قهوه'),
(516, 840038, 8, 'كوباية مياه'),
(517, 840039, 8, 'كوبايه ستاليس'),
(518, 840040, 8, 'كولمن مياه 12 لتر TANCK'),
(519, 840041, 8, 'لبانة'),
(520, 840042, 8, 'لفة سلك 25 م'),
(521, 840043, 8, 'مساحة'),
(522, 840044, 8, 'مشاية'),
(523, 840045, 8, 'مصفاة'),
(524, 840046, 8, 'مطبخ  الومنتال 2 قطعة'),
(525, 840047, 8, 'مطبخ خشب قطعة واحده'),
(526, 840048, 8, 'مطبخ خشب2 قطعة '),
(527, 840049, 8, 'مطبقيه استانلس'),
(528, 840050, 8, 'معلقة '),
(529, 840051, 8, 'مكنسة يدوية '),
(530, 840052, 8, 'ملاحه استانلس'),
(531, 840053, 8, 'منظم بالخرطوم '),
(532, 840054, 8, 'ترابيزة  بالرخامة'),
(533, 850001, 9, 'حنفية '),
(534, 850002, 9, 'حوض'),
(535, 850003, 9, 'حوض استانلس'),
(536, 850004, 9, 'حوض ايديال ستاندرد '),
(537, 850005, 9, 'حوض وش رويال '),
(538, 850006, 9, 'خزان مياة '),
(539, 850007, 9, 'خلا ط حوض'),
(540, 850008, 9, 'خلاط ايديال استاندر'),
(541, 850009, 9, 'دش'),
(542, 850010, 9, 'دوش  '),
(543, 850011, 9, 'رخامه حوض'),
(544, 850012, 9, 'شطاف للقاعدة'),
(545, 850013, 9, 'صبانة '),
(546, 850014, 9, 'قاعدة افرنجي ايديال استندر'),
(547, 850015, 9, 'قاعدة بلدي'),
(548, 850016, 9, 'كمبلايشن ايديال استاندر'),
(549, 850017, 9, 'كمبلايشن رويال'),
(550, 850018, 9, 'كومبنيشن ايديال ستاندرد'),
(551, 850019, 9, 'مبولة'),
(552, 850020, 9, 'مبولة ايديال ستاندرد'),
(553, 860001, 10, 'لوحة كهرباء'),
(554, 860002, 10, 'لوحة كهرباء صاج '),
(555, 860003, 10, 'لوحة مفاتيح GL-DP (انارة اعمدة الصومعة)'),
(556, 860004, 10, 'لوحة مفاتيح كهرباء'),
(557, 860005, 10, 'لوحه تحكم'),
(558, 870001, 11, '   تكييف كاريير 2,25حصان'),
(559, 870002, 11, 'تكيف 5 حصان'),
(560, 870003, 11, 'تكيف يونيون اير'),
(561, 870004, 11, 'تكييف '),
(562, 870005, 11, 'تكييف ترومان 1,5 حصان'),
(563, 870006, 11, 'تكييف شارب 3 حصان'),
(564, 870007, 11, 'تكييف كاريير'),
(565, 870008, 11, 'تكييف كاريير 4 حصان '),
(566, 870009, 11, 'تكييف كاريير 5 حصان'),
(567, 870010, 11, 'تكييف يونيون اير 3 حصان '),
(568, 870011, 11, 'تكييف يونيون اير 5 حصان '),
(569, 880001, 12, 'جهاز كاميرات المراقبة'),
(570, 880002, 12, 'راك تجميع  و تحكم لكاميرات المراقبة'),
(571, 880003, 12, 'سيرفر كاميرات المراقبة'),
(572, 880004, 12, 'صندوق تحكم بقواطع الاضاءة والكاميرات'),
(573, 880005, 12, 'كاميرا مراقبة'),
(574, 880006, 12, 'كاميرا مراقبة سامسونج'),
(575, 880007, 12, 'كاميرا مراقبة سونى'),
(576, 880008, 12, 'منظومة كاميرات (PELCO)'),
(577, 880009, 12, 'نظام كاميرات مراقبه (شاشه+ لوحه مفاتيح+ وحده ترحيل+ وحده توزيع)'),
(578, 880010, 12, 'هارد تسجيل الكاميرا '),
(579, 880011, 12, 'وحدة التحكم بكاميرات المراقبة'),
(580, 890001, 13, ' تليفون هوائي'),
(581, 890002, 13, ' طابعه كمبيوتر زيروكس                                     '),
(582, 890003, 13, ' ماكينة تصوير (d-copia 1800)'),
(583, 890004, 13, 'اريال جهاز لاسلكي '),
(584, 890005, 13, 'انتريه خشب '),
(585, 890006, 13, 'بطارية للجهاز اللاسلكي '),
(586, 890007, 13, 'تليفزيون 14 بوصه'),
(587, 890008, 13, 'تليفزيون 20بوصه'),
(588, 890009, 13, 'تليفزيون بالرسيفر  '),
(589, 890010, 13, 'تليفون ارضى'),
(590, 890011, 13, 'تليفون انتراكم'),
(591, 890012, 13, 'تليفون أرضى KX-DT546X'),
(592, 890013, 13, 'تليفون أرضى KX-TS500FX'),
(593, 890014, 13, 'تليفون باناسونيك'),
(594, 890015, 13, 'تليفون باناسونيك بشاشة'),
(595, 890016, 13, 'تليفون بانسونيك ديجتال'),
(596, 890017, 13, 'تليفون بناسونيك  KXD521 '),
(597, 890018, 13, 'تليفون بناسونيك  KXD522'),
(598, 890019, 13, 'تليفون بناسونيك  KXD523'),
(599, 890020, 13, 'تليفون بناسونيك kxdt501'),
(600, 890021, 13, 'تليفون ديجتال '),
(601, 890022, 13, 'تليفون ديجيتال  Kx-Dt343'),
(602, 890023, 13, 'تليفون ديجيتال  Kx-Dt344'),
(603, 890024, 13, 'تليفون ديجيتال  Kx-Dt345'),
(604, 890025, 13, 'تليفون ديجيتال  KX-Dt346'),
(605, 890026, 13, 'تليفون لاسلكي بالشاحن'),
(606, 890027, 13, 'تليفون ماستر '),
(607, 890028, 13, 'تليفون محمول   SICOO'),
(608, 890029, 13, 'تليفون مميز'),
(609, 890030, 13, 'تليفون هيئة'),
(610, 890031, 13, 'جراب للجهاز اللاسلكي '),
(611, 890032, 13, 'جهاز فاكس'),
(612, 890033, 13, 'جهاز فاكس kx – Ft983'),
(613, 890034, 13, 'جهاز فاكس باناسونيك kx-fis4l'),
(614, 890035, 13, 'جهاز فاكس باناسونيك kx-flm672'),
(615, 890036, 13, 'جهاز فاكس زيوركس'),
(616, 890037, 13, 'جهاز كمبيوتر'),
(617, 890038, 13, 'جهاز كمبيوتر hp  '),
(618, 890039, 13, 'جهاز كمبيوتر سامسونج'),
(619, 890040, 13, 'جهاز لاب توب'),
(620, 890041, 13, 'جهاز لاب توب dell'),
(621, 890042, 13, 'جهازروتر'),
(622, 890043, 13, 'جهازفاكس Fllo '),
(623, 890044, 13, 'جهازفاكس Ricoh'),
(624, 890045, 13, 'جهازفاكس Xerox Work Center 3215'),
(625, 890046, 13, 'جهازفاكس ماركة بانوسونيك Kx-ft987'),
(626, 890047, 13, 'جهازلاسلكي كامل'),
(627, 890048, 13, 'حبارة زيروكس 3125'),
(628, 890049, 13, 'حبارة زيروكس 5020'),
(629, 890050, 13, 'خط تليفون محمول '),
(630, 890051, 13, 'درام فاكس زيروكس '),
(631, 890052, 13, 'سماعة صوت'),
(632, 890053, 13, 'سماعة لاجهزة الاسلكي'),
(633, 890054, 13, 'سماعة مايك'),
(634, 890055, 13, 'سماعة هاند فري'),
(635, 890056, 13, 'سويتش'),
(636, 890057, 13, 'شاحن جهاز لاسلكي '),
(637, 890058, 13, 'شاشة كمبيوتر'),
(638, 890059, 13, 'طابعة '),
(639, 890060, 13, 'طابعة  كمبيوترسامسونج'),
(640, 890061, 13, 'طابعة KPI للميزان '),
(641, 890062, 13, 'طابعة oki '),
(642, 890063, 13, 'طابعة الميزان okimicroline   280 elite '),
(643, 890064, 13, 'طابعة برنت الميزان'),
(644, 890065, 13, 'طابعة كمبيوتر'),
(645, 890066, 13, 'طابعة كمبيوتر (hp)'),
(646, 890067, 13, 'طابعة ميزان البرج'),
(647, 890068, 13, 'فلاشة 16 جيجا'),
(648, 890069, 13, 'فلاشة 4جيجا'),
(649, 890070, 13, 'قاعدة شاحن لجهازالاسلكى '),
(650, 890071, 13, 'كيسه كمبيوتر'),
(651, 890072, 13, 'لوحة مفاتيح كمبيوتر'),
(652, 890073, 13, 'ماكينة تصوير'),
(653, 890074, 13, 'ماكينة تصوير ( D- copiq 1800)'),
(654, 890075, 13, 'ماوس كمبيوتر '),
(655, 890076, 13, 'مشبك جهاز لاسلكي '),
(656, 890077, 13, 'موبايل نوكيا'),
(657, 890078, 13, 'وحدة تحكم لاسلكي'),
(658, 890079, 13, 'وحدة سنترال'),
(659, 890080, 13, 'وحدة لاسلكى(وحدة تشغيل وتكرار اشارة)'),
(660, 410001, 14, ' Nylon baffle plate 2'),
(661, 410002, 14, '370m belt EP1000/5 1+1 NBR/SBR oil resistant'),
(662, 410003, 14, '450mm belt EP800/5 1+1 NBR/SBR oil resistance DIN22102-DIN22104'),
(663, 410004, 14, '5-300 plus/min'),
(664, 410005, 14, '55 kw gearmotor'),
(665, 410006, 14, 'Adaptor piece w.cyl. 1/8\' MR380818'),
(666, 410007, 14, 'ADC module'),
(667, 410008, 14, 'Address boards'),
(668, 410009, 14, 'Address PBC'),
(669, 410010, 14, 'Advance free wheel'),
(670, 410011, 14, 'Air cylinder 40 mm l=200'),
(671, 410012, 14, 'Air cylinder 44 mm l=285'),
(672, 410013, 14, 'Air cylinder for shutter'),
(673, 410014, 14, 'Bearing'),
(674, 410015, 14, 'Bearing'),
(675, 410016, 14, 'Bearing'),
(676, 410017, 14, 'Bearing'),
(677, 410018, 14, 'Belt assembly EE14-18-20-24-32-40'),
(678, 410019, 14, 'Belt assembly EE14-18-20-24-32-40'),
(679, 410020, 14, 'Belt assembly EE14-18-20-24-32-40'),
(680, 410021, 14, 'Belt EP 1000/6 450 mm width'),
(681, 410022, 14, 'Belt EP 800/6 450 mm width'),
(682, 410023, 14, 'Belt EP 800/6 450 mm width'),
(683, 410024, 14, 'Belt fastener'),
(684, 410025, 14, 'Brass nut'),
(685, 410026, 14, 'Bucket bolt M10x30, head ? 35'),
(686, 410027, 14, 'Bucket bolt M10x30, head ? 36'),
(687, 410028, 14, 'Bucket bolt M10x30, head ? 37'),
(688, 410029, 14, 'Bucket bolt M10x30, head ? 38'),
(689, 410030, 14, 'Bucket bolt M10x30, head ? 39'),
(690, 410031, 14, 'Bucket bolt M10x30, head ? 40'),
(691, 410032, 14, 'Bucket bolt M10x30, head ? 41'),
(692, 410033, 14, 'Bucket bolt M10x30, head ? 42'),
(693, 410034, 14, 'Bucket bolt M10x30, head ? 43'),
(694, 410035, 14, 'Bucket bolt M10x30, head ? 44'),
(695, 410036, 14, 'Bucket bolt M10x30, head ? 45'),
(696, 410037, 14, 'Bucket bolt M10x30, head ? 46'),
(697, 410038, 14, 'Bucket bolt M10x30, head ? 47'),
(698, 410039, 14, 'Bucket bolt M10x30, head ? 48'),
(699, 410040, 14, 'Bucket bolt M10x30, head ? 49'),
(700, 410041, 14, 'Bucket bolt M10x30, head ? 50'),
(701, 410042, 14, 'Bucket bolt M10x30, head ? 51'),
(702, 410043, 14, 'Bucket bolt M10x30, head ? 52'),
(703, 410044, 14, 'Bucket bolt M10x30, head ? 53'),
(704, 410045, 14, 'Bucket bolt M10x30, head ? 54'),
(705, 410046, 14, 'Bucket bolt M10x30, head ? 55'),
(706, 410047, 14, 'Bucket bolt M10x30, head ? 56'),
(707, 410048, 14, 'Bucket bolt M10x30, head ? 57'),
(708, 410049, 14, 'Bucket bolt M10x30, head ? 58'),
(709, 410050, 14, 'Bucket bolt M10x30, head ? 59'),
(710, 410051, 14, 'Bucket bolt M10x30, head ? 60'),
(711, 410052, 14, 'Bucket bolt M10x30, head ? 61'),
(712, 410053, 14, 'Bucket bolt M10x30, head ? 62'),
(713, 410054, 14, 'Bucket bolt M10x30, head ? 63'),
(714, 410055, 14, 'Bucket bolt M10x30, head ? 64'),
(715, 410056, 14, 'Bucket bolt M10x30, head ? 65'),
(716, 410057, 14, 'Bucket bolt M10x30, head ? 66'),
(717, 410058, 14, 'Bucket bolt M10x30, head ? 67'),
(718, 410059, 14, 'Chain M160-special'),
(719, 410060, 14, 'Chain M315-special'),
(720, 410061, 14, 'Chain RK 1025'),
(721, 410062, 14, 'Chain RK 1030'),
(722, 410063, 14, 'Chain RK 1036'),
(723, 410064, 14, 'Chain RK 1225'),
(724, 410065, 14, 'Chain RK 1230'),
(725, 410066, 14, 'Chain RK 1236'),
(726, 410067, 14, 'Curved washer 10 mm for bucket bolt'),
(727, 410068, 14, 'Curved washer 10 mm for bucket bolt'),
(728, 410069, 14, 'Drive pulley 1100mm'),
(729, 410070, 14, 'Drive pulley 1100mm'),
(730, 410071, 14, 'EFG420050 slidpl hardox EF-14 forplade 396x1821x5'),
(731, 410072, 14, 'EFG420050 slidpl hardox forr sv?b EF-14 396x1821x5'),
(732, 410073, 14, 'EFG420051 slidpl hardox EF-14 forplade 396x594x5'),
(733, 410074, 14, 'EFG420051 slidpl hardox f.bag sv?b 396x594x5'),
(734, 410075, 14, 'EFG420052 slidpl hardox EF-14 forplade 396x400x5'),
(735, 410076, 14, 'Elevator bucket 220x430x1602.5 7.5l 4stk ?11 c-c 100'),
(736, 410077, 14, 'Elevator bucket 220x430x160x2.5,7,0i 4stk  ? 11 c-c 100 T= 2.5mm'),
(737, 410078, 14, 'Elevator bucket EE14 SP'),
(738, 410079, 14, 'Elevator bucket EU 181'),
(739, 410080, 14, 'FAG end cover DKV 250'),
(740, 410081, 14, 'FAG guide ring FRM 250/15 p'),
(741, 410082, 14, 'FAG packing ring DH 528'),
(742, 410083, 14, 'FAG split bushing H3128'),
(743, 410084, 14, 'Flange bearing'),
(744, 410085, 14, 'Flange bearing'),
(745, 410086, 14, 'Front nylon baffle pi. f/top EE18'),
(746, 410087, 14, 'INA flange bearing PCJ 60 N'),
(747, 410088, 14, 'INA flange bearing PCJ 60 N'),
(748, 410089, 14, 'INA flange bearing rcjo 90 s'),
(749, 410090, 14, 'Inspection door for elevator pipe'),
(750, 410091, 14, 'Inspection door for elevator pipe'),
(751, 410092, 14, 'Inspection door w. temper glass 337x237'),
(752, 410093, 14, 'Inspection glass'),
(753, 410094, 14, 'Misalignment sensor inductive M 12 12-24V DC'),
(754, 410095, 14, 'Nylon baffle plate f/distance piece EE18'),
(755, 410096, 14, 'Outlet spout type L, asymm j16'),
(756, 410097, 14, 'Outlet spout type L, asymm j16'),
(757, 410098, 14, 'Pulley 1100 mm'),
(758, 410099, 14, 'Pulley 1100 mm'),
(759, 410100, 14, 'Return roller'),
(760, 410101, 14, 'Scraper plates for chain'),
(761, 410102, 14, 'shaft'),
(762, 410103, 14, 'shaft'),
(763, 410104, 14, 'shaft'),
(764, 410105, 14, 'Shaft for elevator bottom EC8'),
(765, 410106, 14, 'Shaft for elevator bottom EC8'),
(766, 410107, 14, 'Shaft for elevator bottom EE14 ?60x590'),
(767, 410108, 14, 'Shaft for elevator bottom EE18 ? 60x705'),
(768, 410109, 14, 'Shaft for elevator top EC 8'),
(769, 410110, 14, 'Shaft for elevator top EC 8'),
(770, 410111, 14, 'SKF lejehus SNL 528'),
(771, 410112, 14, 'SKF roller bearing 22228 CCK/W33 ? 125'),
(772, 410113, 14, 'Speed guard'),
(773, 410114, 14, 'Speed monitor DI 0001 20-250V AC/DC'),
(774, 410115, 14, 'Speed monitor DI 0001 20-250V AC/DC 5-300 puls/min.'),
(775, 410116, 14, 'Speed monitor DI 0001 20-250V AC/DC 5-300 puls/min.'),
(776, 410117, 14, 'sprocket'),
(777, 410118, 14, 'Steel nut 8.8 fzb M10'),
(778, 410119, 14, 'Steel nut 8.8 fzb M10'),
(779, 410120, 14, 'Tension screws'),
(780, 410121, 14, 'Tension spindelM30 TG x450'),
(781, 410122, 14, 'Bucket bolts 10x30 incl. washers'),
(782, 410123, 15, 'Bucket bolts 10x30 incl. washers'),
(783, 410124, 15, 'Bucket bolts 10x30 incl. washers'),
(784, 420001, 15, '  Head supports'),
(785, 420002, 15, ' Duplex crowns'),
(786, 420003, 15, ' Duplex pinions'),
(787, 420004, 15, ' Guide bearing '),
(788, 420005, 15, ' Intermediate supports '),
(789, 420006, 15, '4441260 INA Fl. Bearing PCJ 60N'),
(790, 420007, 15, '4441290 INA bearing RCJO 90'),
(791, 420008, 15, 'bolts for buckets'),
(792, 420009, 15, 'Brass nut M20'),
(793, 420010, 15, 'Brass nut TG30'),
(794, 420011, 15, 'Brush for conveyor M160 chain 30x35x385'),
(795, 420012, 15, 'Chain M160, ?25, pitch 160, width 372'),
(796, 420013, 15, 'Chain M224m, ?30, pitch 160, width 372'),
(797, 420014, 15, 'Chain M315, ?36, Pitch160, Width 372'),
(798, 420015, 15, 'Chain RM10 M224 ?30 – 160 B=372 hardox'),
(799, 420016, 15, 'Chain RM10 M315 ?36 – 160 B=372 hardox'),
(800, 420017, 15, 'Chain RM12 M224 ?30 – 160 B=472 hardox'),
(801, 420018, 15, 'comand head support'),
(802, 420019, 15, 'Contact bracket for end stop SK-U1Z'),
(803, 420020, 15, 'Cover iron for wear rail 35x6x1988'),
(804, 420021, 15, 'Cover iron for wear rail 35x6x988'),
(805, 420022, 15, 'Cover iron for wear rail 40x6x1988'),
(806, 420023, 15, 'Cover iron for wear rail 40x6x988'),
(807, 420024, 15, 'Cover iron for wear rail 45×6×1988'),
(808, 420025, 15, 'Cover iron for wear rail 45×6×988'),
(809, 420026, 15, 'Cover rail RL7/8 RM10 kaede 40x6x1988'),
(810, 420027, 15, 'Distance pipe I=41 mm'),
(811, 420028, 15, 'Drive shaft'),
(812, 420029, 15, 'Drive shaft R-3'),
(813, 420030, 15, 'Drive sprocket'),
(814, 420031, 15, 'Endstop SN2-SU1Z-AH-180 w. f. PG13.5'),
(815, 420032, 15, 'Flange bearing INA PCJ 40/SKF FY 40 FM'),
(816, 420033, 15, 'Flange bearing INA PCJ 40/SKF FY 40 FM'),
(817, 420034, 15, 'foot support'),
(818, 420035, 15, 'INA flange bearing PCJ 60 N'),
(819, 420036, 15, 'INA flange bearing rcj 80'),
(820, 420037, 15, 'INA flange bearing rcjo 100 s'),
(821, 420038, 15, 'INA flange bearing rcjo 90 s'),
(822, 420039, 15, 'INA flange bearing rcjt 40/SKF FYTB 40FM'),
(823, 420040, 15, 'INA flangeleje FYJ90 TF - 44412902'),
(824, 420041, 15, 'Inside over flow sensor 12-24VDC NC 08'),
(825, 420042, 15, 'Inspection door w. temper glass 337x237'),
(826, 420043, 15, 'Intermediate bearing'),
(827, 420044, 15, 'metros steel screw'),
(828, 420045, 15, 'Micro switch'),
(829, 420046, 15, 'Micro switch for over flow flap'),
(830, 420047, 15, 'motor 15kw'),
(831, 420048, 15, 'motor 18.5kw'),
(832, 420049, 15, 'motor 22kw'),
(833, 420050, 15, 'motor 37kw'),
(834, 420051, 15, 'motor 3kw'),
(835, 420052, 15, 'motor 55kw'),
(836, 420053, 15, 'motor 7.5kw'),
(837, 420054, 15, 'mtrs,rubber belt'),
(838, 420055, 15, 'mtrs,steel chain'),
(839, 420056, 15, 'Nylon bottom plate for RM10'),
(840, 420057, 15, 'Nylon bottom plate RM10, 488x468x10'),
(841, 420058, 15, 'Nylon bottom plate RM10, 988x468x10'),
(842, 420059, 15, 'Nylon PI.f.RL3 tension terminal 620X255'),
(843, 420060, 15, 'Nylon plate for R-10 1988x468x10'),
(844, 420061, 15, 'Nylon return roller'),
(845, 420062, 15, 'Pick up roller ?100×?40×90 f.M315 chain'),
(846, 420063, 15, 'Pick up roller ?100x ?40x75 f.M160 chain'),
(847, 420064, 15, 'Pick up roller ?100x ?40x90 f.m 224 chain'),
(848, 420065, 15, 'Pick up roller ?100x ?40x95 f.m 315 chain'),
(849, 420066, 15, 'Pick up roller ?100x?40x90 f.M224 chain'),
(850, 420067, 15, 'Pull ring for over flow flap'),
(851, 420068, 15, 'RA123002 supportplate for RA12 chain, 460x285'),
(852, 420069, 15, 'RA123010 Scraber for RA-12 Chain, 380x335'),
(853, 420070, 15, 'RAK 1030, RA10/12 Chain, M224 ?30-160'),
(854, 420071, 15, 'reductor 15kw'),
(855, 420072, 15, 'reductor 22kw'),
(856, 420073, 15, 'reductor 37kw'),
(857, 420074, 15, 'reductor 3kw'),
(858, 420075, 15, 'reductor 55kw'),
(859, 420076, 15, 'reductor 7.5kw'),
(860, 420077, 15, 'reductor18.5kw'),
(861, 420078, 15, 'reductor22kw'),
(862, 420079, 15, 'reductor30kw'),
(863, 420080, 15, 'reductor37kw'),
(864, 420081, 15, 'reductor55kw'),
(865, 420082, 15, 'return head support'),
(866, 420083, 15, 'Return roller complete RM 10 M160 chain'),
(867, 420084, 15, 'Return roller complete RM10 M224 chain'),
(868, 420085, 15, 'Return roller complete RM10 M315 chain'),
(869, 420086, 15, 'RM10 chain M160 ?25- 125- B=372'),
(870, 420087, 15, 'Rotary elbow 90 dg. Cyl. 1/4\' MR410814'),
(871, 420088, 15, 'rubber belt joint'),
(872, 420089, 15, 'Safety switch, SK-U1Z for overload flap'),
(873, 420090, 15, 'Scraber RM12 M224 ?30 188x70x10 hardox'),
(874, 420091, 15, 'Sensor inductive 12 mm 12-24VDC, 4mm PNP NC'),
(875, 420092, 15, 'Shaft f.RL3 tension terminal'),
(876, 420093, 15, 'Shaft for pick up roller'),
(877, 420094, 15, 'Shaft for pick up roller ?40x ?540'),
(878, 420095, 15, 'Shaft for pick up roller ?40x640'),
(879, 420096, 15, 'Sight hole w. temper glass 337x177'),
(880, 420097, 15, 'SKF flangeleje FYJ 100 TF-44412904'),
(881, 420098, 15, 'SKF flangeleje FYJ90 TF - 44412902'),
(882, 420099, 15, 'Skrabelap RM10 M160 kaede'),
(883, 420100, 15, 'Skrabelap RM10 M160 kaede slidplade 10x140x50'),
(884, 420101, 15, 'Skrabelap RM10 M224 ?30 136x72x10'),
(885, 420102, 15, 'Skrabelap RM10 M315 ?36 130×82×10'),
(886, 420103, 15, 'Skrabelap RM10 M315 ?36 130x82x10'),
(887, 420104, 15, 'Speed monitor DI 0001 20-250 AC/DC  5-300 plus/min'),
(888, 420105, 15, 'Speed monitor DI 0001 20-250V AC/DC'),
(889, 420106, 15, 'Speed monitor DI 0001 20-250V AC/DC'),
(890, 420107, 15, 'Speed monitor DI 0001 20-250V AC/DC 5-300 puls/min.'),
(891, 420108, 15, 'Spring for overflow flap'),
(892, 420109, 15, 'steel stamped buckets'),
(893, 420110, 15, 'Tension spindle f.RL3/5/7/8, NV30x235'),
(894, 420111, 15, 'Tension spindle TG30x360'),
(895, 420112, 15, 'Tension spring 1.40 11 I=70 no.506'),
(896, 420113, 15, 'Turn check sensor'),
(897, 420114, 15, 'v-belt xPB 1600 MC'),
(898, 420115, 15, 'v-belt xPz 1312 MC'),
(899, 430001, 16, 'Brass bush'),
(900, 430002, 16, 'Compression spring 1.25x12x36x12.5'),
(901, 430003, 16, 'Gasket cylinder'),
(902, 430004, 16, 'Limit switch SN2-SU1z-AH-180GR bernstein'),
(903, 430005, 16, 'Locking ring DIN 471 U 8 mm'),
(904, 430006, 16, 'Luc. Base plate 303-6866'),
(905, 430007, 16, 'Luc. valve impulse 24 V DC IP43'),
(906, 430008, 16, 'Micro switch SN2-SU1Z'),
(907, 430009, 16, 'o/c inductive sensor'),
(908, 430010, 16, 'Pneaumatic cylinder'),
(909, 430011, 16, 'pneumatic operated'),
(910, 430012, 16, 'Rotor'),
(911, 430013, 16, 'Rotor blades'),
(912, 430014, 16, 'Shaft f. shutter LM+LN Q30 16×16×380'),
(913, 430015, 16, 'Solenoid value'),
(914, 430016, 16, 'Solenoid valve'),
(915, 430017, 16, 'Solenoid valve 24 V DC'),
(916, 440001, 17, 'Cage for filterbags QM incl. lock'),
(917, 440002, 17, 'Filter bags  ?150 L=2485'),
(918, 440003, 17, 'Filter bags 2.5 m'),
(919, 440004, 17, 'Filter bags 3.0 m'),
(920, 440005, 17, 'Filter bags 3.5 m'),
(921, 440006, 17, 'Filter bags ?150 L=3485'),
(922, 440007, 17, 'Filter cage 2.5 m'),
(923, 440008, 17, 'Filter cage 3.0 m'),
(924, 440009, 17, 'Filter cage 3.5 m'),
(925, 440010, 17, 'Filterbags  ?150 L=2485'),
(926, 440011, 17, 'Filterbags  ?150 L=3485'),
(927, 440012, 17, 'Impeller for 11 kw fan'),
(928, 440013, 17, 'Impeller for 11.0 kw fan'),
(929, 440014, 17, 'Impeller for 5.5 kw fan'),
(930, 440015, 17, 'Impeller for 7.5 kw fan'),
(931, 440016, 17, 'Rotor blade for Air-Lock JK250HT'),
(932, 440017, 17, 'Rotorblade for Air-Lock JK250HT'),
(933, 440018, 17, 'Rotorblade for air-lock JK-50S'),
(934, 440019, 17, 'Sproket for turning'),
(935, 440020, 17, 'Top filter cage'),
(936, 440021, 17, 'V-Belt SPB  1412 MC'),
(937, 440022, 17, 'v-belt SPB 1500 MC'),
(938, 440023, 17, 'v-belt SPB 2000 MC'),
(939, 450001, 18, '1 set of wire'),
(940, 450002, 18, 'Bellows module'),
(941, 450003, 18, 'cones'),
(942, 450004, 18, 'level indicators'),
(943, 450005, 18, 'roof parts silos ?18.33m'),
(944, 450006, 18, 'roof parts silos ?4.65m'),
(945, 450007, 18, 'thermometric probe'),
(946, 450008, 18, 'Wire'),
(947, 450009, 18, 'Wire lock'),
(948, 450010, 18, 'Wire roller'),
(949, 460001, 19, 'CJ1W-ID211'),
(950, 460002, 19, 'CJ1W-OC211'),
(951, 460003, 19, 'CJ1W-PA205'),
(952, 460004, 19, 'Digital input card          NX-ID3417   '),
(953, 460005, 19, 'Digital input card  NX-ID5442 '),
(954, 460006, 19, 'Digital output card           NX-OD3256 '),
(955, 460007, 19, 'External digital input card'),
(956, 460008, 19, 'External digital input card  '),
(957, 460009, 19, 'External relay output card   CJ1W-OC211'),
(958, 460010, 19, 'Power supply'),
(959, 460011, 19, 'Relay output card        NX-Oc2633'),
(960, 460012, 19, 'SRT2-ID16-T'),
(961, 460013, 19, 'SRT2-ROC16'),
(962, 460015, 19, 'Digital output card           NX-OD5256'),
(963, 470001, 20, '230 V AC/ 24 V DC power supply'),
(964, 470002, 20, 'Circuit breaker 20-25 amp'),
(965, 470003, 20, 'Circuit breaker 40-63 amp'),
(966, 470004, 20, 'Circuit breaker 4-6.3 amp'),
(967, 470005, 20, 'Circuit breaker 56-80 amp'),
(968, 470006, 20, 'Circuit breaker 9-14 Amp'),
(969, 470007, 20, 'Complete pilot lamp j 90'),
(970, 470008, 20, 'Complete pilot lamp ? 9'),
(971, 470009, 20, 'Complete round push button with lamp j18'),
(972, 470010, 20, 'Complete square push buttons with lamp 18x18'),
(973, 470011, 20, 'Contactors 12 Amp'),
(974, 470012, 20, 'Contactors 80 Amp'),
(975, 470013, 20, 'Contactors 9 Amp'),
(976, 470014, 20, 'Contactors D25         LCID25PV'),
(977, 470015, 20, 'Contactors D32         LCID32PV'),
(978, 470016, 20, 'Contactors D50        LCID32PV'),
(979, 470017, 20, 'Contactors D80        LCID32PV'),
(980, 470018, 20, 'Contactors D95      LCID32PV'),
(981, 470019, 20, 'Contactors LC1-D32'),
(982, 470020, 20, 'Contactors LC1-D40'),
(983, 470021, 20, 'Contactors LC1-D50'),
(984, 470022, 20, 'Contactors LC1-D65'),
(985, 470023, 20, 'Contactors LC1-F115'),
(986, 470024, 20, 'Contractors 12 amp'),
(987, 470025, 20, 'Contractors 80 amp'),
(988, 470026, 20, 'Contractors 9 amp'),
(989, 470027, 20, 'Converter RS485/RS2132'),
(990, 470028, 20, 'CPU PCB for Unilink'),
(991, 470029, 20, 'Glue'),
(992, 470030, 20, 'Heavy duty cable'),
(993, 470031, 20, 'Heavy duty cable25m/8 sensor'),
(994, 470032, 20, 'Input PBC'),
(995, 470033, 20, 'joint'),
(996, 470034, 20, 'Lamps for flow'),
(997, 470035, 20, 'Lamps on push bottom'),
(998, 470036, 20, 'Led for j18 lamp'),
(999, 470037, 20, 'Level sensor Dol'),
(1000, 470038, 20, 'Micro switch SN2-SU1Z-AH for shutters'),
(1001, 470039, 20, 'Motor starters 12 AMP'),
(1002, 470040, 20, 'Motor starters 12-32 AMP'),
(1003, 470041, 20, 'motor30kw'),
(1004, 470042, 20, 'motor55kw'),
(1005, 470043, 20, 'Motorstarters 12 Amp'),
(1006, 470044, 20, 'Motorstarters 12-32 Amp'),
(1007, 470045, 20, 'PLC 16 point input circuit mod'),
(1008, 470046, 20, 'PLC power supply'),
(1009, 470047, 20, 'Power supply for interface'),
(1010, 470048, 20, 'Protection relays 100     LV429003'),
(1011, 470049, 20, 'Protection relays 100     LV429120'),
(1012, 470050, 20, 'Protection relays GV3-M40'),
(1013, 470051, 20, 'Protection relays GV3-M63'),
(1014, 470052, 20, 'Protection relays GV3-M80'),
(1015, 470053, 20, 'Protection relays GV7-R 100'),
(1016, 470054, 20, 'Protection relays M18'),
(1017, 470055, 20, 'Protection relays M25'),
(1018, 470056, 20, 'Protection relays M50'),
(1019, 470057, 20, 'Ps I'),
(1020, 470058, 20, 'Repair set'),
(1021, 470059, 20, 'Repair set (10 sensor each)'),
(1022, 470060, 20, 'Sensor cable'),
(1023, 470061, 20, 'Sensor cable 25.5m/ 8 sensor'),
(1024, 470062, 20, 'Soft starter  15Kw'),
(1025, 470063, 20, 'Soft starter 22Kw'),
(1026, 470064, 20, 'Soft starter 37Kw'),
(1027, 470065, 20, 'Soft starter 45Kw'),
(1028, 470066, 20, 'Soft starter 7.5Kw'),
(1029, 470067, 20, 'Softstarter 11 kw'),
(1030, 470068, 20, 'Softstarter 18 kw'),
(1031, 470069, 20, 'Softstarter 30 kw'),
(1032, 470070, 20, 'Softstarter 45 kw'),
(1033, 470071, 20, 'Softstarter 55 kw'),
(1034, 470072, 20, 'Softstarter 7.5 kw'),
(1035, 470073, 20, 'Thermo-part A 3-12           LUCA12FU'),
(1036, 470074, 20, 'Thermo-part A 3-12           LUCA12FU'),
(1037, 470075, 20, 'Thermo-part A 4.5-18         LUCA18FU'),
(1038, 470076, 20, 'Thermo-part A 4.5-18         LUCA18FU'),
(1039, 470077, 20, 'Thermo-part A 8-32             LUCA32FU'),
(1040, 470078, 20, 'Thermo-part A 8-32             LUCA32FU'),
(1041, 470079, 20, 'Thermo-part LUCA 4.5-18'),
(1042, 470080, 20, 'Thermo-part LUCA 8-32'),
(1043, 480001, 21, 'Ball bearing'),
(1044, 480002, 21, 'Bearings for cylinder'),
(1045, 480003, 21, 'Coil 24 VDC'),
(1046, 480004, 21, 'Coil for Q-slide'),
(1047, 480005, 21, 'Electrical connector (plug)'),
(1048, 480006, 21, 'Electronic parts'),
(1049, 480007, 21, 'Fitting for cylinder'),
(1050, 480008, 21, 'Inductive sensor'),
(1051, 480009, 21, 'Load cell bearing'),
(1052, 480010, 21, 'Load cell HBM HLC'),
(1053, 480011, 21, 'Pneumatic cyl'),
(1054, 480012, 21, 'Pneumatic valve'),
(1055, 480013, 21, 'Porous plastic silenser'),
(1056, 480014, 21, 'Proximity switch'),
(1057, 480015, 21, 'REED sensor'),
(1058, 480016, 21, 'Relais module'),
(1059, 480017, 21, 'Serial interface SIM'),
(1060, 480018, 21, 'valve'),
(1061, 490001, 22, 'Bearing SKF 22212 EK'),
(1062, 490002, 22, 'Bearing SKF 23024 CW33'),
(1063, 490003, 22, 'Connection rod'),
(1064, 490004, 22, 'Cover for do'),
(1065, 490005, 22, 'Eccentric bushing'),
(1066, 490006, 22, 'Guide ring'),
(1067, 490007, 22, 'Housing w. bracket'),
(1068, 490008, 22, 'M10 X160 bolts'),
(1069, 490009, 22, 'Rosta Arm'),
(1070, 490010, 22, 'Rosta DR-S 50X120'),
(1071, 490011, 22, 'Rosta DR-S 60X200'),
(1072, 490012, 22, 'Rosta ST 60 L'),
(1073, 490013, 22, 'Rubber ball j26'),
(1074, 490014, 22, 'set of sieves'),
(1075, 490015, 22, 'Tightening slice'),
(1076, 490016, 22, 'Timing belt 1760-8M20'),
(1077, 490017, 22, 'Timing belt GT-8RM'),
(1078, 490018, 22, 'Timing belt HTD 2240'),
(1079, 490019, 22, 'Timingbelt 1760-8M20'),
(1080, 490020, 22, 'Timingbelt GT-8RM'),
(1081, 490021, 22, 'Timingbelt HTD 2240'),
(1082, 490022, 22, 'v-belt'),
(1083, 4100001, 23, 'impellor'),
(1084, 4100002, 23, 'v-belt'),
(1085, 4100003, 23, 'Shaft with bearing'),
(1086, 4100004, 23, 'v-belt SPB 2000 MC'),
(1087, 4110001, 24, 'Bearing'),
(1088, 4110002, 24, 'Lot of spare parts of laboratory equipment'),
(1089, 4110003, 24, 'Lot of spares laboratory equipment'),
(1090, 4110004, 24, 'Wire roller'),
(1091, 4120001, 25, 'Head supports'),
(1092, 4120002, 25, 'Filter kit'),
(1093, 4120003, 25, 'Integr.minimum pressure'),
(1094, 4120004, 25, 'Lot of spare parts'),
(1095, 4120005, 25, 'Lot of spares'),
(1096, 4120006, 25, 'Oil separator kit'),
(1097, 4120007, 25, 'Service kit WSD'),
(1098, 4120008, 25, 'Unloading valve Kit'),
(1099, 4120009, 25, 'Valve kit'),
(1100, 4130001, 26, 'Coupling for wheel'),
(1101, 4130002, 26, 'Drawback spring \"green\" ref'),
(1102, 4130003, 26, 'End axel for wheel (without VVD)'),
(1103, 4130004, 26, 'Excentric bearing'),
(1104, 4130005, 26, 'Excentrik bearing'),
(1105, 4130006, 26, 'Intermediate Axel'),
(1106, 4130007, 26, 'Wheel rubber');

-- --------------------------------------------------------

--
-- Table structure for table `items`
--

CREATE TABLE `items` (
  `Item_ID` bigint(20) NOT NULL,
  `Item_Code` bigint(20) NOT NULL,
  `Cat_ID` int(11) NOT NULL,
  `Item_Name` varchar(100) NOT NULL,
  `Item_description` varchar(255) DEFAULT NULL
) ENGINE=InnoDB DEFAULT CHARSET=utf8;

-- --------------------------------------------------------

--
-- Table structure for table `item_report`
--

CREATE TABLE `item_report` (
  `Item_Report_ID` bigint(20) NOT NULL,
  `Report_Date` date NOT NULL,
  `Doc_type` varchar(15) NOT NULL,
  `code` bigint(20) NOT NULL,
  `Doc_Number` bigint(20) NOT NULL,
  `Classification` varchar(100) NOT NULL,
  `Item_ID` bigint(20) NOT NULL,
  `Start_Amount` int(11) NOT NULL,
  `Outgoing` int(11) NOT NULL,
  `Import_Items` int(11) NOT NULL,
  `Export_Items` int(11) NOT NULL
) ENGINE=InnoDB DEFAULT CHARSET=utf8;

-- --------------------------------------------------------

--
-- Table structure for table `silos`
--

CREATE TABLE `silos` (
  `Silo_ID` int(11) NOT NULL,
  `Silo_Name` varchar(50) NOT NULL
) ENGINE=InnoDB DEFAULT CHARSET=utf8;

--
-- Dumping data for table `silos`
--

INSERT INTO `silos` (`Silo_ID`, `Silo_Name`) VALUES
(1, 'الادارة'),
(2, 'برقاش'),
(3, 'اطفيح'),
(4, 'بنها'),
(5, 'القنطرة شرق'),
(6, 'عتاقة'),
(7, 'الحسينيه'),
(8, 'هيهيا'),
(9, 'أبو حماد'),
(10, 'طنطا'),
(11, 'شربين'),
(12, 'ميت غمر'),
(13, 'بنى عبيد'),
(14, 'منوف'),
(15, 'كفر داود'),
(16, 'سيدى سالم'),
(17, 'دسوق'),
(18, 'طامية'),
(19, 'قصر الباسل'),
(20, 'سدس'),
(21, 'كوم ابوراضى'),
(22, 'المنيا'),
(23, 'البهنسا'),
(24, 'الشيخ فضل'),
(25, 'بنى مزار'),
(26, 'عرب العوامر'),
(27, 'طهطا'),
(28, 'الترامسة'),
(29, 'المراشدة'),
(30, 'المفالسة'),
(31, 'شرق العوينات'),
(32, 'النوبارية'),
(33, 'وادى النطرون'),
(34, 'ابو المطامير'),
(35, 'دمنهور'),
(36, 'الصبحية'),
(37, 'برج العرب'),
(38, 'كنج مريوط');

-- --------------------------------------------------------

--
-- Table structure for table `silo_to_store`
--

CREATE TABLE `silo_to_store` (
  `Silo_ID` int(11) NOT NULL,
  `Store_ID` int(11) NOT NULL
) ENGINE=InnoDB DEFAULT CHARSET=utf8;

--
-- Dumping data for table `silo_to_store`
--

INSERT INTO `silo_to_store` (`Silo_ID`, `Store_ID`) VALUES
(1, 1),
(1, 2),
(1, 3),
(1, 4),
(1, 5),
(1, 6),
(1, 7),
(1, 8),
(2, 1),
(2, 2),
(2, 3),
(2, 4),
(2, 5),
(2, 6),
(2, 7),
(2, 8),
(3, 1),
(3, 2),
(3, 3),
(3, 4),
(3, 5),
(3, 6),
(3, 7),
(3, 8),
(4, 1),
(4, 2),
(4, 3),
(4, 4),
(4, 5),
(4, 6),
(4, 7),
(4, 8),
(5, 1),
(5, 2),
(5, 3),
(5, 4),
(5, 5),
(5, 6),
(5, 7),
(5, 8),
(6, 1),
(6, 2),
(6, 3),
(6, 4),
(6, 5),
(6, 6),
(6, 7),
(6, 8),
(7, 1),
(7, 2),
(7, 3),
(7, 4),
(7, 5),
(7, 6),
(7, 7),
(7, 8),
(8, 1),
(8, 2),
(8, 3),
(8, 4),
(8, 5),
(8, 6),
(8, 7),
(8, 8),
(9, 1),
(9, 2),
(9, 3),
(9, 4),
(9, 5),
(9, 6),
(9, 7),
(9, 8),
(10, 1),
(10, 2),
(10, 3),
(10, 4),
(10, 5),
(10, 6),
(10, 7),
(10, 8),
(11, 1),
(11, 2),
(11, 3),
(11, 4),
(11, 5),
(11, 6),
(11, 7),
(11, 8),
(12, 1),
(12, 2),
(12, 3),
(12, 4),
(12, 5),
(12, 6),
(12, 7),
(12, 8),
(13, 1),
(13, 2),
(13, 3),
(13, 4),
(13, 5),
(13, 6),
(13, 7),
(13, 8),
(14, 1),
(14, 2),
(14, 3),
(14, 4),
(14, 5),
(14, 6),
(14, 7),
(14, 8),
(15, 1),
(15, 2),
(15, 3),
(15, 4),
(15, 5),
(15, 6),
(15, 7),
(15, 8),
(16, 1),
(16, 2),
(16, 3),
(16, 4),
(16, 5),
(16, 6),
(16, 7),
(16, 8),
(17, 1),
(17, 2),
(17, 3),
(17, 4),
(17, 5),
(17, 6),
(17, 7),
(17, 8),
(18, 1),
(18, 2),
(18, 3),
(18, 4),
(18, 5),
(18, 6),
(18, 7),
(18, 8),
(19, 1),
(19, 2),
(19, 3),
(19, 4),
(19, 5),
(19, 6),
(19, 7),
(19, 8),
(20, 1),
(20, 2),
(20, 3),
(20, 4),
(20, 5),
(20, 6),
(20, 7),
(20, 8),
(21, 1),
(21, 2),
(21, 3),
(21, 4),
(21, 5),
(21, 6),
(21, 7),
(21, 8),
(22, 1),
(22, 2),
(22, 3),
(22, 4),
(22, 5),
(22, 6),
(22, 7),
(22, 8),
(23, 1),
(23, 2),
(23, 3),
(23, 4),
(23, 5),
(23, 6),
(23, 7),
(23, 8),
(24, 1),
(24, 2),
(24, 3),
(24, 4),
(24, 5),
(24, 6),
(24, 7),
(24, 8),
(25, 1),
(25, 2),
(25, 3),
(25, 4),
(25, 5),
(25, 6),
(25, 7),
(25, 8),
(26, 1),
(26, 2),
(26, 3),
(26, 4),
(26, 5),
(26, 7),
(26, 8),
(26, 56),
(27, 1),
(27, 2),
(27, 3),
(27, 4),
(27, 5),
(27, 6),
(27, 7),
(27, 8),
(28, 1),
(28, 2),
(28, 3),
(28, 4),
(28, 5),
(28, 6),
(28, 7),
(28, 8),
(29, 1),
(29, 2),
(29, 3),
(29, 4),
(29, 5),
(29, 6),
(29, 7),
(29, 8),
(30, 1),
(30, 2),
(30, 3),
(30, 4),
(30, 5),
(30, 6),
(30, 7),
(30, 8),
(31, 1),
(31, 2),
(31, 3),
(31, 4),
(31, 5),
(31, 6),
(31, 7),
(31, 8),
(32, 1),
(32, 2),
(32, 3),
(32, 4),
(32, 5),
(32, 6),
(32, 7),
(32, 8),
(33, 1),
(33, 2),
(33, 3),
(33, 4),
(33, 5),
(33, 6),
(33, 7),
(33, 8),
(34, 1),
(34, 2),
(34, 3),
(34, 4),
(34, 5),
(34, 6),
(34, 7),
(34, 8),
(35, 1),
(35, 2),
(35, 3),
(35, 4),
(35, 5),
(35, 6),
(35, 7),
(35, 8),
(36, 1),
(36, 2),
(36, 3),
(36, 4),
(36, 5),
(36, 6),
(36, 7),
(36, 8),
(37, 1),
(37, 2),
(37, 3),
(37, 4),
(37, 5),
(37, 6),
(37, 7),
(37, 8),
(38, 1),
(38, 2),
(38, 3),
(38, 4),
(38, 5),
(38, 6),
(38, 7),
(38, 8);

-- --------------------------------------------------------

--
-- Table structure for table `stores`
--

CREATE TABLE `stores` (
  `Store_ID` int(11) NOT NULL,
  `Store_Name` varchar(100) NOT NULL
) ENGINE=InnoDB DEFAULT CHARSET=utf8;

--
-- Dumping data for table `stores`
--

INSERT INTO `stores` (`Store_ID`, `Store_Name`) VALUES
(1, 'الادوات الكتابية والاحبار والمطبوعات والمهمات'),
(2, 'الات و معدات'),
(3, 'مواد تبخير'),
(4, 'قطع الغيار'),
(5, 'النقل الثقيل'),
(6, 'الكهن'),
(7, 'العدد و الادوات'),
(8, 'اصول ثابته');

-- --------------------------------------------------------

--
-- Table structure for table `store_report`
--

CREATE TABLE `store_report` (
  `Store_Report_ID` bigint(20) NOT NULL,
  `Store_Code` bigint(20) NOT NULL,
  `Classification` varchar(100) NOT NULL,
  `Import` int(11) NOT NULL,
  `Export` int(11) NOT NULL,
  `Total` int(11) NOT NULL,
  `Doc_ID` bigint(20) NOT NULL,
  `Store_ID` int(11) NOT NULL,
  `Notes` varchar(255) NOT NULL
) ENGINE=InnoDB DEFAULT CHARSET=utf8;

--
-- Dumping data for table `store_report`
--

INSERT INTO `store_report` (`Store_Report_ID`, `Store_Code`, `Classification`, `Import`, `Export`, `Total`, `Doc_ID`, `Store_ID`, `Notes`) VALUES
(1, 810001, 'اصول ثابتة-اثاث وتجهيزات مكتبية\r\n', 20, 100, 120, 9540, 8, ''),
(2, 810002, 'اصول ثابتة-اثاث وتجهيزات مكتبية\r\n', 1, 4, 5, 3800, 8, '');

-- --------------------------------------------------------

--
-- Table structure for table `store_to_category`
--

CREATE TABLE `store_to_category` (
  `Store_ID` int(11) NOT NULL,
  `Cat_ID` int(11) NOT NULL
) ENGINE=InnoDB DEFAULT CHARSET=utf8;

--
-- Dumping data for table `store_to_category`
--

INSERT INTO `store_to_category` (`Store_ID`, `Cat_ID`) VALUES
(1, 1),
(1, 2),
(1, 3),
(1, 4);

-- --------------------------------------------------------

--
-- Table structure for table `users`
--

CREATE TABLE `users` (
  `user_id` int(11) NOT NULL,
  `User_Fname` varchar(20) NOT NULL,
  `User_Lname` varchar(20) NOT NULL,
  `user_mobile` int(11) NOT NULL,
  `user_type` tinyint(4) NOT NULL,
  `password` varchar(11) NOT NULL
) ENGINE=InnoDB DEFAULT CHARSET=utf8;

--
-- Dumping data for table `users`
--

INSERT INTO `users` (`user_id`, `User_Fname`, `User_Lname`, `user_mobile`, `user_type`, `password`) VALUES
(1, 'Tamer', 'Adel', 1147856923, 1, 'F123456');

--
-- Indexes for dumped tables
--

--
-- Indexes for table `categories`
--
ALTER TABLE `categories`
  ADD PRIMARY KEY (`Cat_ID`);

--
-- Indexes for table `contract`
--
ALTER TABLE `contract`
  ADD PRIMARY KEY (`Contract_ID`);

--
-- Indexes for table `contract_report`
--
ALTER TABLE `contract_report`
  ADD PRIMARY KEY (`Contract_Report_ID`);

--
-- Indexes for table `documents`
--
ALTER TABLE `documents`
  ADD PRIMARY KEY (`Doc_ID`);

--
-- Indexes for table `items`
--
ALTER TABLE `items`
  ADD PRIMARY KEY (`Item_ID`);

--
-- Indexes for table `item_report`
--
ALTER TABLE `item_report`
  ADD PRIMARY KEY (`Item_Report_ID`);

--
-- Indexes for table `silos`
--
ALTER TABLE `silos`
  ADD PRIMARY KEY (`Silo_ID`);

--
-- Indexes for table `silo_to_store`
--
ALTER TABLE `silo_to_store`
  ADD PRIMARY KEY (`Silo_ID`,`Store_ID`);

--
-- Indexes for table `stores`
--
ALTER TABLE `stores`
  ADD PRIMARY KEY (`Store_ID`);

--
-- Indexes for table `store_report`
--
ALTER TABLE `store_report`
  ADD PRIMARY KEY (`Store_Report_ID`);

--
-- Indexes for table `store_to_category`
--
ALTER TABLE `store_to_category`
  ADD PRIMARY KEY (`Store_ID`,`Cat_ID`);

--
-- Indexes for table `users`
--
ALTER TABLE `users`
  ADD PRIMARY KEY (`user_id`);

--
-- AUTO_INCREMENT for dumped tables
--

--
-- AUTO_INCREMENT for table `categories`
--
ALTER TABLE `categories`
  MODIFY `Cat_ID` int(11) NOT NULL AUTO_INCREMENT, AUTO_INCREMENT=27;

--
-- AUTO_INCREMENT for table `contract`
--
ALTER TABLE `contract`
  MODIFY `Contract_ID` bigint(20) NOT NULL AUTO_INCREMENT;

--
-- AUTO_INCREMENT for table `contract_report`
--
ALTER TABLE `contract_report`
  MODIFY `Contract_Report_ID` bigint(20) NOT NULL AUTO_INCREMENT;

--
-- AUTO_INCREMENT for table `documents`
--
ALTER TABLE `documents`
  MODIFY `Doc_ID` bigint(20) NOT NULL AUTO_INCREMENT, AUTO_INCREMENT=8;

--
-- AUTO_INCREMENT for table `items`
--
ALTER TABLE `items`
  MODIFY `Item_ID` bigint(20) NOT NULL AUTO_INCREMENT;

--
-- AUTO_INCREMENT for table `item_report`
--
ALTER TABLE `item_report`
  MODIFY `Item_Report_ID` bigint(20) NOT NULL AUTO_INCREMENT;

--
-- AUTO_INCREMENT for table `silos`
--
ALTER TABLE `silos`
  MODIFY `Silo_ID` int(11) NOT NULL AUTO_INCREMENT, AUTO_INCREMENT=39;

--
-- AUTO_INCREMENT for table `stores`
--
ALTER TABLE `stores`
  MODIFY `Store_ID` int(11) NOT NULL AUTO_INCREMENT, AUTO_INCREMENT=9;

--
-- AUTO_INCREMENT for table `store_report`
--
ALTER TABLE `store_report`
  MODIFY `Store_Report_ID` bigint(20) NOT NULL AUTO_INCREMENT, AUTO_INCREMENT=3;

--
-- AUTO_INCREMENT for table `users`
--
ALTER TABLE `users`
  MODIFY `user_id` int(11) NOT NULL AUTO_INCREMENT, AUTO_INCREMENT=2;
COMMIT;

/*!40101 SET CHARACTER_SET_CLIENT=@OLD_CHARACTER_SET_CLIENT */;
/*!40101 SET CHARACTER_SET_RESULTS=@OLD_CHARACTER_SET_RESULTS */;
/*!40101 SET COLLATION_CONNECTION=@OLD_COLLATION_CONNECTION */;
